{
  "valid": {
    "MAE": 3.497382754483156,
    "RMSE": 3.7149675235030934
  },
  "test": {
    "MAE": 1.656093157686652,
    "RMSE": 2.169272989434697
  }
}